edad,distancia_casa,empleados,nivel_laboral,salario_mes,num_empresas_anteriores,incremento_salario_porc,horas_quincena,nivel_acciones,anos_experiencia,num_formaciones_ult_ano,anos_compania,anos_desde_ult_promocion,anos_con_manager_actual,id,satisfaccion_entorno_Baja,satisfaccion_entorno_Media,satisfaccion_entorno_Muy_Alta,implicacion_Baja,implicacion_Media,implicacion_Muy_Alta,satisfaccion_trabajo_Baja,satisfaccion_trabajo_Media,satisfaccion_trabajo_Muy_Alta,estado_civil_Married,estado_civil_Single,evaluacion_Muy_Alta,satisfaccion_companeros_Baja,satisfaccion_companeros_Media,satisfaccion_companeros_Muy_Alta,carrera_Finanzas,carrera_Human Resources,carrera_Ingenier√≠a Administrativa,carrera_Life Sciences,carrera_Marketing,carrera_Medical,carrera_Other,carrera_Software Engineer,carrera_Software Technologist,carrera_Systems Engineer,carrera_Technical Degree,educacion_Primaria,educacion_Secundaria,educacion_Universitaria,departamento_Human Resources,departamento_Research & Development,departamento_Sales,viajes_Travel_Frequently,viajes_Travel_Rarely,puesto_CFO,puesto_CMO,puesto_CTO,puesto_Coordinator,puesto_Data Scientist,puesto_Financial Analyst,puesto_Financial Director,puesto_Human Resources,puesto_Laboratory Technician,puesto_Research Director,puesto_Research Scientist,puesto_Sales Executive,puesto_Sales Representative,puesto_Software Engineer,puesto_Talent Manager,puesto_Treasurer,horas_extra_Yes,satisfaccion_trabajo_Desconocido,probabilidad_abandono_rf,probabilidad_abandono_svm
37,19,1,1,3022,4,21,80,0,8,1,1,0,0,1,False,True,False,False,False,False,False,False,False,True,False,True,True,False,False,False,False,False,False,False,False,False,True,False,False,False,False,False,True,False,True,False,False,True,False,False,False,False,False,False,False,False,False,False,True,False,False,False,False,False,False,0,0.6,0.5967501539827462
29,1,1,1,2720,1,18,80,1,10,5,10,2,8,2,False,True,False,True,False,False,True,False,False,False,False,False,False,False,True,False,False,False,False,False,False,False,True,False,False,False,True,False,False,False,True,False,True,False,False,False,False,False,False,False,False,False,False,False,True,False,False,False,False,False,False,0,0.44,0.46880987478346564
30,22,1,1,2132,4,11,80,0,7,2,5,0,1,3,True,False,False,False,False,False,False,False,False,True,False,False,False,True,False,False,False,False,False,False,False,False,True,False,False,False,False,False,True,False,True,False,False,True,False,False,False,False,False,False,False,False,False,False,True,False,False,False,False,False,True,0,0.65,0.5970575228383561
27,4,1,1,2517,1,11,80,3,5,2,5,0,3,4,True,False,False,False,False,False,False,False,False,False,False,False,False,True,False,False,False,False,False,False,False,False,True,False,False,False,False,False,True,False,True,False,False,True,False,False,False,False,False,False,False,False,False,False,True,False,False,False,False,False,False,0,0.44,0.5238891076681724
29,1,1,1,4787,9,14,80,3,4,3,2,2,2,5,True,False,False,False,False,False,False,False,False,True,False,False,False,True,False,False,False,False,False,False,False,False,False,False,True,False,False,False,True,False,True,False,False,True,False,False,False,False,False,False,False,False,False,False,True,False,False,False,False,False,True,0,0.62,0.5479270947598254
40,9,1,1,3617,8,14,80,1,3,2,1,0,0,6,False,False,True,False,False,False,False,False,False,False,False,False,False,False,True,False,False,False,False,False,False,False,False,False,True,False,False,False,False,False,True,False,True,False,False,False,False,False,False,False,False,False,False,False,True,False,False,False,False,False,True,0,0.67,0.6645356473298437
37,25,1,2,4449,3,15,80,2,15,2,13,10,7,7,False,True,False,False,False,False,False,False,False,True,False,False,True,False,False,False,False,False,False,False,False,False,False,False,True,False,False,False,True,False,True,False,False,False,False,False,False,False,False,False,False,False,False,False,True,False,False,False,False,False,True,0,0.39,0.48592792054800654
32,8,1,2,5175,5,12,80,1,9,3,5,1,3,8,False,False,False,False,False,True,False,False,True,True,False,False,False,False,False,False,False,False,False,False,False,False,False,False,True,False,False,False,False,False,True,False,False,True,False,False,False,False,False,False,False,False,False,False,True,False,False,False,False,False,False,0,0.27,0.5612657898555007
22,26,1,1,2814,1,14,80,0,4,2,4,1,3,9,False,True,False,False,True,False,False,True,False,True,False,False,False,True,False,False,False,False,False,False,False,True,False,False,False,False,False,True,False,False,True,False,False,False,False,False,False,False,False,False,False,False,False,False,True,False,False,False,False,False,True,0,0.64,0.5273078116702129
34,19,1,1,2929,1,12,80,0,10,3,10,8,7,10,False,True,False,False,True,False,False,True,False,True,False,False,False,True,False,False,False,False,False,False,False,False,True,False,False,False,False,True,False,False,True,False,False,True,False,False,False,False,False,False,False,False,False,False,True,False,False,False,False,False,False,0,0.3,0.5866777234016672
52,8,1,2,4941,2,15,80,0,11,3,8,7,7,11,False,False,False,False,True,False,False,True,False,True,False,False,True,False,False,False,False,False,False,False,False,False,False,False,True,False,False,True,False,False,True,False,False,True,False,False,False,False,False,False,False,False,False,False,True,False,False,False,False,False,False,0,0.31,0.5394636717346071
32,1,1,2,6220,1,17,80,2,10,3,10,0,9,12,False,True,False,False,False,False,False,False,False,True,False,False,False,True,False,False,False,False,False,False,False,False,True,False,False,False,False,False,True,False,True,False,False,True,False,False,False,False,False,False,False,False,False,False,True,False,False,False,False,False,False,0,0.19,0.405364860399664
18,14,1,1,1514,1,16,80,0,0,4,0,0,0,13,False,True,False,False,False,False,False,False,False,False,True,False,False,False,False,False,False,False,False,False,False,False,False,False,True,False,False,False,True,False,True,False,False,False,False,False,False,False,False,False,False,False,False,False,True,False,False,False,False,False,False,0,0.79,0.5532304070198131
58,9,1,1,3346,4,20,80,1,9,3,1,0,0,14,False,True,False,False,True,False,False,True,False,True,False,True,False,True,False,False,False,False,False,False,False,False,False,False,True,False,False,True,False,False,True,False,False,True,False,False,False,False,False,False,False,False,False,False,True,False,False,False,False,False,True,0,0.61,0.5652406627256897
27,17,1,1,3058,0,16,80,1,6,3,5,1,1,15,False,False,False,False,False,False,False,False,False,True,False,False,False,False,True,False,False,False,False,False,False,False,False,True,False,False,False,False,True,False,True,False,False,True,False,False,False,False,False,False,False,False,False,False,True,False,False,False,False,False,True,0,0.56,0.16654804370289747
33,5,1,1,2911,1,13,80,1,2,2,2,0,2,16,False,False,False,False,True,False,False,True,False,True,False,False,False,False,False,False,False,False,False,False,False,False,True,False,False,False,False,True,False,False,True,False,False,True,False,False,False,False,False,False,False,False,False,False,True,False,False,False,False,False,False,0,0.54,0.5675451809075723
32,5,1,2,5878,3,12,80,1,12,2,7,2,5,17,False,False,True,False,True,False,False,True,False,True,False,False,True,False,False,False,False,False,False,False,False,False,True,False,False,False,False,True,False,False,True,False,False,True,False,False,False,False,False,False,False,False,False,False,True,False,False,False,False,False,False,0,0.12,0.508868627164105
33,3,1,1,3348,1,11,80,0,10,3,10,9,7,18,True,False,False,False,False,False,False,False,False,False,True,False,True,False,False,False,False,False,False,False,False,False,True,False,False,False,False,False,True,False,True,False,True,False,False,False,False,False,False,False,False,False,False,False,True,False,False,False,False,False,True,0,0.57,0.5654979772427565
47,14,1,2,5467,8,18,80,1,16,4,8,1,7,19,False,False,False,False,False,False,False,False,False,True,False,False,False,False,False,False,False,False,False,False,False,False,False,True,False,False,False,False,True,False,True,False,False,False,False,False,False,False,False,False,False,False,False,False,True,False,False,False,False,False,False,0,0.36,0.1610528554073957
45,2,1,1,2274,1,14,80,0,1,3,1,0,0,20,False,True,False,False,True,False,False,True,False,False,True,False,False,False,True,False,False,False,False,False,False,False,True,False,False,False,False,True,False,False,True,False,False,True,False,False,False,False,False,False,False,False,False,False,True,False,False,False,False,False,False,0,0.66,0.5380460969218089
22,16,1,1,2935,1,13,80,2,1,2,1,0,0,21,False,False,True,False,False,True,False,False,True,False,False,False,False,True,False,False,False,False,False,False,False,False,False,False,True,False,False,False,False,False,True,False,False,False,False,False,False,False,False,False,False,False,True,False,False,False,False,False,False,False,True,0,0.64,0.6826843037068185
31,20,1,2,4197,1,11,80,1,10,2,10,0,2,22,False,True,False,False,False,False,False,False,False,False,False,False,True,False,False,False,False,False,False,False,False,False,True,False,False,False,False,False,True,False,True,False,False,True,False,False,False,False,False,False,False,False,True,False,False,False,False,False,False,False,False,0,0.3,0.6496640867420574
31,1,1,1,2218,1,12,80,1,4,3,4,3,2,23,False,False,True,False,True,False,False,True,False,True,False,False,False,False,False,False,False,False,False,False,False,False,True,False,False,False,False,True,False,False,True,False,False,True,False,False,False,False,False,False,False,False,True,False,False,False,False,False,False,False,False,0,0.51,0.6514216389063573
22,8,1,1,2398,1,17,80,0,1,6,1,0,0,24,False,False,False,False,False,False,False,False,False,True,False,False,False,False,False,False,False,False,False,False,False,False,False,False,True,False,False,False,True,False,True,False,False,True,False,False,False,False,False,False,False,False,True,False,False,False,False,False,False,False,True,0,0.75,0.6385884036877468
35,1,1,1,2258,6,12,80,1,10,2,8,1,7,25,False,False,True,False,True,False,False,True,False,True,False,False,False,True,False,False,False,False,False,False,False,False,False,False,True,False,False,True,False,False,True,False,False,True,False,False,False,False,False,False,False,False,True,False,False,False,False,False,False,False,False,0,0.38,0.6493128132271514
25,4,1,1,3691,1,15,80,1,7,3,7,5,6,26,False,False,True,False,False,False,False,False,False,True,False,False,False,True,False,False,False,False,False,False,False,False,False,True,False,False,False,False,False,False,True,False,False,True,False,False,False,False,False,False,False,False,True,False,False,False,False,False,False,False,True,0,0.29,0.32978235103874887
48,1,1,3,5381,9,13,80,0,23,2,1,0,0,27,True,False,False,False,True,False,False,True,False,False,True,False,False,False,True,False,False,False,False,False,False,False,True,False,False,False,False,True,False,False,True,False,False,True,False,False,False,False,False,False,False,False,True,False,False,False,False,False,False,False,True,0,0.51,0.7144030096127397
52,11,1,2,3149,8,20,80,1,9,3,5,1,4,28,False,False,True,False,False,False,False,False,False,True,False,True,False,True,False,False,False,False,False,False,False,False,True,False,False,False,False,False,True,False,True,False,False,True,False,False,False,False,False,False,False,False,True,False,False,False,False,False,False,False,False,0,0.38,0.6181540897252492
24,17,1,1,2127,1,21,80,1,1,2,1,0,0,29,False,False,True,False,True,False,False,True,False,True,False,True,False,False,True,False,False,False,False,False,False,True,False,False,False,False,False,True,False,False,True,False,False,True,False,False,False,False,False,False,False,False,True,False,False,False,False,False,False,False,False,0,0.72,0.6377491801918059
26,7,1,1,3578,0,12,80,0,8,2,7,0,7,30,False,False,False,False,False,True,False,False,True,False,True,False,False,False,True,False,False,False,False,False,False,True,False,False,False,False,False,False,False,False,True,False,False,True,False,False,False,False,False,False,False,False,True,False,False,False,False,False,False,False,False,0,0.35,0.5764632147575389
26,17,1,1,2305,1,15,80,3,3,3,3,0,2,31,False,False,True,True,False,False,True,False,False,True,False,False,False,False,False,False,False,False,False,False,False,False,False,False,True,False,True,False,False,False,True,False,False,True,False,False,False,False,False,False,False,False,True,False,False,False,False,False,False,False,False,0,0.67,0.5781975288985091
49,25,1,1,3211,1,14,80,1,10,3,9,1,4,32,False,False,False,False,False,False,False,False,False,True,False,False,False,False,True,False,False,False,False,False,False,False,True,False,False,False,False,False,True,False,True,False,False,True,False,False,False,False,False,False,False,False,True,False,False,False,False,False,False,False,False,0,0.28,0.6152531630481929
34,29,1,2,5429,4,13,80,2,10,1,8,7,7,33,False,True,False,False,False,False,False,False,False,True,False,False,True,False,False,False,False,False,False,False,False,False,False,False,True,False,False,False,True,False,True,False,False,True,False,False,False,False,False,False,False,False,True,False,False,False,False,False,False,False,False,0,0.46,0.6513364727360791
42,5,1,1,2093,4,17,80,1,8,4,2,2,0,34,False,True,False,False,False,False,False,False,False,True,False,False,False,False,True,False,False,False,False,False,False,True,False,False,False,False,False,False,True,False,True,False,True,False,False,False,False,False,False,False,False,False,True,False,False,False,False,False,False,False,False,0,0.58,0.5833710197795253
26,7,1,1,2570,1,20,80,0,7,5,7,5,7,35,False,False,True,False,False,False,False,False,False,False,True,True,False,False,False,False,False,False,False,False,False,False,False,False,True,False,False,False,True,False,True,False,False,False,False,False,False,False,False,False,False,False,True,False,False,False,False,False,False,False,False,0,0.35,0.616908667066245
35,7,1,1,2690,1,18,80,1,1,5,1,0,1,36,False,False,False,False,True,False,False,True,False,True,False,False,False,False,True,False,False,False,False,False,False,False,True,False,False,False,False,True,False,False,True,False,False,True,False,False,False,False,False,False,False,False,True,False,False,False,False,False,False,False,False,0,0.59,0.655813558119135
38,6,1,1,3702,1,11,80,1,5,3,5,0,4,37,False,False,True,False,True,False,False,True,False,True,False,False,False,True,False,False,False,False,False,False,False,True,False,False,False,False,False,True,False,False,True,False,False,True,False,False,False,False,False,False,False,False,True,False,False,False,False,False,False,False,False,0,0.3,0.5546680253572889
38,29,1,2,2406,1,11,80,0,10,2,10,9,9,38,False,False,True,False,False,False,False,False,False,False,True,False,False,False,True,False,False,False,False,False,False,False,True,False,False,False,False,False,True,False,True,False,True,False,False,False,False,False,False,False,False,False,True,False,False,False,False,False,False,False,False,0,0.35,0.6522627616720887
31,29,1,1,3479,0,11,80,0,6,2,5,1,4,39,False,False,False,False,True,False,False,True,False,False,True,False,False,True,False,False,False,False,False,False,False,False,False,False,True,False,False,True,False,False,True,False,True,False,False,False,False,False,False,False,False,False,True,False,False,False,False,False,False,False,False,0,0.65,0.8140289986782095
24,29,1,1,3907,1,13,80,3,6,2,6,1,2,40,False,True,False,False,False,False,False,False,False,False,False,False,False,True,False,False,False,False,False,False,False,False,False,False,True,False,False,False,True,False,True,False,False,True,False,False,False,False,False,False,False,False,True,False,False,False,False,False,False,False,False,0,0.54,0.6916076159591131
20,4,1,1,2973,1,19,80,0,1,2,1,0,0,41,True,False,False,False,False,False,False,False,False,False,True,False,False,True,False,False,False,False,False,False,False,False,False,True,False,False,False,False,True,False,True,False,False,True,False,False,False,False,False,False,False,False,True,False,False,False,False,False,False,False,False,0,0.8,0.405028445521573
40,1,1,1,2406,8,19,80,2,8,3,1,0,0,42,True,False,False,False,False,False,False,False,False,True,False,False,False,False,False,False,False,False,False,False,False,False,True,False,False,False,False,False,True,False,True,False,False,True,False,False,False,False,False,False,False,False,True,False,False,False,False,False,False,False,False,0,0.56,0.6897174689305369
29,13,1,2,4025,4,13,80,1,10,2,4,0,3,43,False,False,True,False,True,False,False,True,False,True,False,False,True,False,False,False,False,False,False,False,False,True,False,False,False,False,False,True,False,False,True,False,False,True,False,False,False,False,False,False,False,False,True,False,False,False,False,False,False,False,True,0,0.52,0.5660742337166009
29,20,1,1,3812,1,13,80,0,11,3,11,3,10,44,False,False,True,False,False,False,False,False,False,True,False,False,False,True,False,False,False,False,False,False,False,False,False,False,True,False,False,False,True,False,True,False,True,False,False,False,False,False,False,False,False,False,True,False,False,False,False,False,False,False,False,0,0.41,0.6519085152950098
37,5,1,1,3500,0,14,80,0,7,2,6,1,3,45,False,False,False,False,False,True,False,False,True,False,True,False,True,False,False,False,False,False,False,False,False,False,False,True,False,False,False,False,False,False,True,False,False,False,False,False,False,False,False,False,False,False,True,False,False,False,False,False,False,False,False,0,0.52,0.33799269033597634
22,8,1,1,2451,1,15,80,1,4,3,4,1,1,46,False,True,False,True,False,False,True,False,False,True,False,False,True,False,False,False,False,False,False,False,False,False,True,False,False,False,True,False,False,False,True,False,False,True,False,False,False,False,False,False,False,False,True,False,False,False,False,False,False,False,False,0,0.67,0.6101304854416812
19,3,1,1,1483,1,14,80,0,1,3,1,0,0,47,False,True,False,False,False,False,False,False,False,False,True,False,False,False,True,False,False,False,False,False,False,False,False,False,True,False,False,False,True,False,True,False,False,True,False,False,False,False,False,False,False,False,True,False,False,False,False,False,False,False,False,0,0.81,0.6394296578057127
36,3,1,1,2835,5,22,80,1,7,2,1,0,0,48,True,False,False,False,False,False,False,False,False,False,False,True,True,False,False,False,False,False,False,False,False,False,True,False,False,False,False,False,True,False,True,False,False,True,False,False,False,False,False,False,False,False,True,False,False,False,False,False,False,False,False,0,0.67,0.7392972433691326
38,2,1,1,2440,1,22,80,0,4,3,4,3,3,49,False,False,True,False,True,False,False,True,False,False,True,True,False,True,False,False,False,False,False,False,False,False,False,False,True,False,False,True,False,False,True,False,True,False,False,False,False,False,False,False,False,False,True,False,False,False,False,False,False,False,False,0,0.48,0.7540105458271222
35,23,1,1,4014,3,15,80,1,4,3,2,2,2,50,False,False,False,False,False,False,False,False,False,True,False,False,False,False,False,False,False,False,False,False,False,False,False,False,True,False,False,False,True,False,True,False,False,True,False,False,False,False,False,False,False,False,True,False,False,False,False,False,False,False,True,0,0.71,0.6740777780304776
42,1,1,2,6062,9,13,80,1,8,4,4,0,2,51,False,False,True,False,True,False,False,True,False,True,False,False,False,False,True,False,False,False,False,False,False,False,True,False,False,False,False,True,False,False,True,False,False,True,False,False,False,False,True,False,False,False,False,False,False,False,False,False,False,False,True,0,0.3,0.5470128353675455
36,11,1,2,6499,1,13,80,0,6,3,6,0,3,52,False,True,False,False,False,False,False,False,False,False,True,False,False,False,False,False,False,False,False,False,False,False,True,False,False,False,False,False,False,False,True,False,True,False,False,False,False,False,True,False,False,False,False,False,False,False,False,False,False,False,False,0,0.43,0.695738780207609
43,8,1,2,4765,4,21,80,1,4,2,1,0,0,53,True,False,False,False,False,False,False,False,False,False,False,True,False,False,False,False,False,False,False,False,False,False,True,False,False,False,False,False,True,False,True,False,False,True,False,False,False,False,True,False,False,False,False,False,False,False,False,False,False,False,False,0,0.4,0.6617792351502032
54,19,1,2,5485,9,11,80,2,9,4,5,1,4,54,False,False,True,False,False,False,False,False,False,False,False,False,False,True,False,False,False,False,False,False,False,False,False,False,True,False,False,False,False,False,True,False,False,True,False,False,False,False,True,False,False,False,False,False,False,False,False,False,False,False,True,0,0.34,0.6200475118072779
53,13,1,2,4450,1,11,80,2,5,3,4,1,3,55,False,False,True,False,False,True,False,False,True,False,False,False,False,False,False,False,False,False,False,False,False,False,False,False,True,False,False,False,False,False,True,False,False,True,False,False,False,False,True,False,False,False,False,False,False,False,False,False,False,False,False,0,0.36,0.538605720018108
45,29,1,3,9380,4,18,80,2,10,4,3,1,2,56,False,True,False,False,False,False,False,False,False,True,False,False,False,False,True,False,False,False,False,False,False,False,False,True,False,False,False,False,True,False,True,False,False,True,False,False,False,False,True,False,False,False,False,False,False,False,False,False,False,False,True,0,0.51,0.1816320696987964
29,8,1,2,5056,1,15,80,1,10,2,10,1,2,57,False,True,False,False,True,False,False,True,False,True,False,False,False,False,False,False,False,False,False,False,False,False,False,False,True,False,False,True,False,False,True,False,False,True,False,False,False,False,True,False,False,False,False,False,False,False,False,False,False,False,True,0,0.23,0.6011515964548483
37,19,1,2,5768,3,17,80,3,9,2,4,0,2,58,False,False,False,False,False,False,False,False,False,True,False,False,True,False,False,False,False,False,False,False,False,False,True,False,False,False,False,False,True,False,True,False,False,True,False,False,False,False,True,False,False,False,False,False,False,False,False,False,False,False,False,0,0.42,0.5525494383919325
37,1,1,2,6447,6,12,80,1,8,2,6,4,3,59,False,True,False,False,False,False,False,False,False,True,False,False,False,True,False,False,False,False,False,False,False,False,True,False,False,False,False,False,True,False,True,False,False,True,False,False,False,False,True,False,False,False,False,False,False,False,False,False,False,False,False,0,0.22,0.5694692495540288
34,2,1,2,9547,1,17,80,0,10,2,10,1,9,60,False,False,True,False,True,False,False,True,False,True,False,False,False,False,False,False,False,False,False,False,False,False,True,False,False,False,False,True,False,False,True,False,True,False,False,False,False,False,True,False,False,False,False,False,False,False,False,False,False,False,False,0,0.18,0.6140094239042841
33,1,1,2,6949,0,14,80,0,6,3,5,1,4,61,False,True,False,False,True,False,False,True,False,False,True,False,True,False,False,False,False,False,False,False,False,False,True,False,False,False,False,True,False,False,True,False,False,True,False,False,False,False,False,False,False,False,False,False,False,False,False,True,False,False,False,0,0.46,0.7404835105117256
42,2,1,2,6781,3,23,80,0,14,6,1,0,0,62,True,False,False,False,True,False,False,True,False,False,True,True,False,True,False,False,False,False,False,False,False,True,False,False,False,False,False,True,False,False,True,False,False,True,False,False,False,False,False,False,False,False,False,False,False,False,False,True,False,False,False,0,0.4,0.7657150325320267
55,4,1,2,4035,0,16,80,0,4,2,3,1,2,63,False,False,True,False,False,False,False,False,False,True,False,False,False,True,False,False,False,False,False,False,False,False,True,False,False,False,False,False,True,False,True,False,False,True,False,False,False,False,False,False,False,False,False,False,False,False,False,True,False,False,True,0,0.33,0.6364927368227614
45,1,1,3,10748,3,23,80,1,25,3,23,14,4,64,False,False,False,False,True,False,False,True,False,True,False,True,False,False,True,False,False,False,False,False,False,False,True,False,False,False,False,True,False,False,True,False,False,False,False,False,False,False,False,False,False,False,False,False,False,False,False,True,False,False,False,0,0.23,0.811255341044117
36,27,1,2,5237,6,13,80,2,17,3,7,7,7,65,False,False,False,False,False,False,False,False,False,True,False,False,False,True,False,False,False,False,False,False,False,False,False,False,True,False,False,False,True,False,True,False,False,True,False,False,False,False,False,False,False,False,False,False,False,False,False,True,False,False,False,0,0.32,0.7563709376516486
42,2,1,2,4089,1,13,80,2,10,4,10,2,2,66,False,False,False,False,False,False,False,False,False,True,False,False,False,True,False,False,False,False,False,False,False,False,True,False,False,False,False,False,True,False,True,False,False,True,False,False,False,False,False,False,False,False,False,False,False,False,False,True,False,False,False,0,0.13,0.6584623960871102
31,12,1,2,5855,0,11,80,2,10,2,9,8,5,67,False,False,True,False,False,False,False,False,False,True,False,False,False,False,False,False,False,False,False,False,False,False,False,False,True,False,False,False,True,False,True,False,False,True,False,False,False,False,False,False,False,False,False,False,False,False,False,True,False,False,True,0,0.2,0.6607873529688488
36,5,1,3,8008,4,12,80,2,9,6,3,0,2,68,False,True,False,False,False,False,False,False,False,True,False,False,False,False,False,False,False,False,False,False,False,False,True,False,False,False,False,False,False,False,True,False,False,True,False,False,False,False,False,False,False,False,False,False,False,False,False,True,False,False,False,0,0.32,0.7154853569054573
51,3,1,4,13734,3,18,80,0,21,6,7,1,0,69,False,False,True,False,False,False,False,False,False,False,True,False,False,False,False,False,False,False,False,False,False,False,False,False,True,False,False,False,True,False,True,False,False,True,False,False,False,False,False,False,False,False,False,False,False,False,False,True,False,False,False,0,0.24,0.6845267608083779
37,3,1,2,4107,3,15,80,0,8,3,4,0,1,70,False,False,True,False,False,False,False,False,False,False,True,False,True,False,False,False,False,False,False,False,False,True,False,False,False,False,False,False,True,False,True,False,False,True,False,False,False,False,False,False,False,False,False,False,False,False,False,True,False,False,False,0,0.31,0.6183779922999115
34,7,1,3,11994,0,11,80,0,13,4,12,2,11,71,True,False,False,False,False,False,False,False,False,False,True,False,False,False,False,False,False,False,False,False,False,False,True,False,False,False,False,False,True,False,True,False,False,True,False,False,False,False,False,False,False,False,False,True,False,False,False,False,False,False,False,0,0.29,0.37275292608676874
51,8,1,3,12490,5,16,80,2,16,5,10,4,7,72,False,True,False,False,True,False,False,True,False,True,False,False,False,False,True,False,False,False,False,False,False,False,True,False,False,False,False,True,False,False,True,False,False,True,False,False,False,False,False,False,False,False,False,True,False,False,False,False,False,False,False,0,0.36,0.37315932759886505
46,1,1,5,19627,9,17,80,2,23,0,2,2,2,73,False,False,True,False,False,False,False,False,False,False,False,False,False,False,True,False,False,False,False,False,False,False,False,False,True,False,False,False,True,False,True,False,False,True,False,False,False,False,False,False,False,False,False,True,False,False,False,False,False,False,False,0,0.26,0.4221824342255693
38,15,1,3,11510,0,14,80,1,12,3,11,2,9,74,False,False,False,False,True,False,False,True,False,False,False,False,False,True,False,False,False,False,False,False,False,False,True,False,False,False,False,True,False,False,True,False,False,True,False,False,False,False,False,False,False,False,False,True,False,False,False,False,False,False,True,0,0.19,0.42962484423429664
48,1,1,5,18265,6,12,80,0,25,3,1,0,0,75,False,False,True,False,True,False,False,True,False,False,True,False,False,False,False,False,False,False,False,False,False,False,True,False,False,False,False,True,False,False,True,False,False,True,False,False,False,False,False,False,False,False,False,True,False,False,False,False,False,False,False,0,0.13,0.4558530076064094
48,4,1,4,15202,2,25,80,1,23,3,2,2,2,76,False,False,False,False,True,False,False,True,False,True,False,True,False,True,False,False,False,False,False,False,False,False,False,False,True,False,False,True,False,False,True,False,True,False,False,False,True,False,False,False,False,False,False,False,False,False,False,False,False,False,False,0,0.25,0.6518814796838547
45,24,1,1,2177,1,16,80,0,6,3,6,0,4,77,False,True,False,False,False,False,False,False,False,False,True,False,True,False,False,False,False,False,False,False,True,False,False,False,False,False,False,False,True,True,False,False,False,True,False,False,False,False,False,False,False,True,False,False,False,False,False,False,False,False,False,0,0.78,0.3706712864635556
38,2,1,1,2592,5,13,80,3,13,3,11,3,8,78,True,False,False,False,False,False,False,False,False,False,False,False,False,False,True,False,True,False,False,False,False,False,False,False,False,False,False,False,True,True,False,False,False,False,False,False,False,False,False,False,False,True,False,False,False,False,False,False,False,False,False,0,0.49,0.45737909561852835
36,2,1,2,3886,1,21,80,0,10,2,10,0,8,79,False,True,False,False,True,False,False,True,False,False,True,True,False,False,True,False,True,False,False,False,False,False,False,False,False,False,False,False,False,True,False,False,True,False,False,False,False,False,False,False,False,True,False,False,False,False,False,False,False,False,False,0,0.45,0.5695217454919066
39,3,1,2,6389,9,15,80,1,12,3,8,3,6,80,False,False,False,False,False,True,False,False,True,True,False,False,False,False,False,False,True,False,False,False,False,False,False,False,False,False,False,False,False,True,False,False,False,True,False,False,False,False,False,False,False,True,False,False,False,False,False,False,False,False,False,0,0.29,0.5553094650396218
31,18,1,1,2956,0,17,80,0,2,4,1,0,0,81,False,False,True,False,False,True,False,False,True,True,False,False,False,False,False,False,True,False,False,False,False,False,False,False,False,False,False,False,False,True,False,False,False,True,False,False,False,False,False,False,False,True,False,False,False,False,False,False,False,False,False,0,0.62,0.5509551263382959
31,2,1,2,6410,3,12,80,0,9,1,2,1,0,82,True,False,False,False,True,False,False,True,False,True,False,False,False,False,True,False,True,False,False,False,False,False,False,False,False,False,False,True,False,True,False,False,False,True,False,False,False,False,False,False,False,True,False,False,False,False,False,False,False,False,False,0,0.39,0.6093995414176566
39,2,1,2,5204,8,11,80,2,13,2,5,0,4,83,False,False,True,False,True,False,False,True,False,True,False,False,False,False,False,False,False,False,True,False,False,False,False,False,False,False,False,True,False,True,False,False,False,True,False,False,False,False,False,False,False,True,False,False,False,False,False,False,False,False,False,0,0.24,0.48882148453513985
25,2,1,1,2187,4,14,80,0,6,3,2,1,2,84,False,False,False,False,False,False,False,False,False,True,False,False,False,False,False,False,True,False,False,False,False,False,False,False,False,False,False,False,True,True,False,False,False,True,False,False,False,False,False,False,False,True,False,False,False,False,False,False,False,False,False,0,0.59,0.535166748266883
30,9,1,2,6347,0,19,80,0,12,2,11,4,7,85,False,False,False,False,False,False,False,False,False,True,False,False,False,False,True,False,True,False,False,False,False,False,False,False,False,False,False,False,True,True,False,False,False,True,False,False,False,False,False,False,False,True,False,False,False,False,False,False,False,False,True,0,0.32,0.4672943902090791
44,1,1,2,5743,4,11,80,0,14,3,10,0,2,86,True,False,False,False,False,False,False,False,False,True,False,False,False,False,False,False,True,False,False,False,False,False,False,False,False,False,False,False,True,True,False,False,True,False,False,False,False,False,False,False,False,True,False,False,False,False,False,False,False,False,True,0,0.47,0.5456540635339264
36,13,1,1,2143,4,13,80,1,8,2,5,0,4,87,False,False,False,False,False,False,False,False,False,True,False,False,False,True,False,False,True,False,False,False,False,False,False,False,False,False,False,False,True,True,False,False,False,True,False,False,False,False,False,False,False,True,False,False,False,False,False,False,False,False,False,0,0.49,0.5159212218616657
34,23,1,3,9950,9,15,80,3,11,2,3,0,2,88,False,True,False,False,False,False,False,False,False,False,False,False,False,False,False,False,True,False,False,False,False,False,False,False,False,False,False,False,True,True,False,False,True,False,False,False,False,False,False,False,False,True,False,False,False,False,False,False,False,False,True,0,0.57,0.5876906954296746
46,1,1,1,3423,6,12,80,0,10,3,7,5,7,89,False,False,True,False,False,False,False,False,False,False,True,False,False,False,False,False,False,False,True,False,False,False,False,False,False,False,False,False,True,True,False,False,False,True,False,False,False,False,False,False,False,True,False,False,False,False,False,False,False,False,False,0,0.37,0.46032909698587465
42,2,1,1,2696,0,11,80,1,4,5,3,1,0,90,False,False,False,False,False,False,False,False,False,False,False,False,False,False,False,False,False,False,False,False,False,False,False,False,False,True,False,False,True,True,False,False,False,True,False,False,False,False,False,False,False,True,False,False,False,False,False,False,False,False,True,0,0.46,0.011267795327577088
24,22,1,1,1555,1,11,80,1,1,2,1,0,0,91,False,False,True,True,False,False,True,False,False,True,False,False,False,False,False,False,True,False,False,False,False,False,False,False,False,False,True,False,False,True,False,False,False,True,False,False,False,False,False,False,False,True,False,False,False,False,False,False,False,False,False,0,0.73,0.4989506243617208
59,6,1,1,2267,8,17,80,0,7,2,2,2,2,92,False,True,False,False,False,False,False,False,False,True,False,False,False,False,True,False,False,False,False,False,True,False,False,False,False,False,False,False,True,True,False,False,False,True,False,False,False,False,False,False,False,True,False,False,False,False,False,False,False,False,False,0,0.67,0.36992211397556485
24,10,1,1,2145,0,14,80,1,3,2,2,2,1,93,True,False,False,False,False,False,False,False,False,True,False,False,False,False,True,False,False,False,False,False,True,False,False,False,False,False,False,False,True,True,False,False,True,False,False,False,False,False,False,False,False,True,False,False,False,False,False,False,False,False,False,0,0.7,0.4422673935757191
42,2,1,2,6272,7,16,80,1,10,3,4,0,3,94,False,False,True,False,False,True,False,False,True,True,False,False,True,False,False,False,False,False,False,False,True,False,False,False,False,False,False,False,False,True,False,False,False,False,False,False,False,False,False,False,False,True,False,False,False,False,False,False,False,False,False,0,0.35,0.35076880118906845
29,13,1,1,2335,4,15,80,3,4,3,2,2,0,95,True,False,False,False,True,False,False,True,False,False,False,False,False,False,True,False,True,False,False,False,False,False,False,False,False,False,False,True,False,True,False,False,False,True,False,False,False,False,False,False,False,True,False,False,False,False,False,False,False,False,True,0,0.71,0.592483947452385
44,1,1,1,3195,4,18,80,3,8,2,2,2,2,96,False,False,False,False,False,False,False,False,False,False,False,False,True,False,False,False,False,False,True,False,False,False,False,False,False,False,False,False,True,True,False,False,False,True,False,False,False,False,False,False,False,True,False,False,False,False,False,False,False,False,True,0,0.63,0.45988714449567875
38,1,1,1,2991,0,11,80,1,7,2,6,1,2,97,False,False,True,False,False,False,False,False,False,True,False,False,False,True,False,False,False,False,False,False,False,True,False,False,False,False,False,False,True,True,False,False,True,False,False,False,False,False,False,False,False,True,False,False,False,False,False,False,False,False,True,0,0.41,0.3451691594689948
28,8,1,1,4936,1,13,80,1,6,6,5,0,4,98,False,True,False,False,True,False,False,True,False,False,False,False,False,False,True,False,False,False,False,False,True,False,False,False,False,False,False,True,False,True,False,False,False,True,False,False,False,False,False,False,False,True,False,False,False,False,False,False,False,False,False,0,0.45,0.37564449737936867
26,17,1,1,2741,0,11,80,1,8,2,7,1,0,99,False,True,False,False,False,False,False,False,False,False,False,False,False,True,False,False,False,False,True,False,False,False,False,False,False,False,False,False,True,True,False,False,True,False,False,False,False,False,False,False,False,True,False,False,False,False,False,False,False,False,True,0,0.62,0.5658701765246938
36,8,1,1,2342,0,21,80,0,6,3,5,0,3,100,True,False,False,False,True,False,False,True,False,True,False,True,False,False,False,False,False,False,True,False,False,False,False,False,False,False,False,True,False,True,False,False,False,True,False,False,False,False,False,False,False,True,False,False,False,False,False,False,False,False,False,0,0.56,0.5851663961441661
30,1,1,1,2064,0,21,80,1,6,3,5,1,3,101,False,False,False,False,False,False,False,False,False,False,False,True,True,False,False,False,False,False,True,False,False,False,False,False,False,False,False,False,True,True,False,False,False,True,False,False,False,False,False,False,False,True,False,False,False,False,False,False,False,False,False,0,0.44,0.49414589011132615
56,8,1,5,19717,6,14,80,0,36,4,7,7,7,102,False,False,True,False,False,False,False,False,False,False,True,False,True,False,False,False,False,False,True,False,False,False,False,False,False,False,False,False,True,True,False,False,False,True,False,False,False,False,False,False,False,False,False,False,False,False,False,False,True,False,False,0,0.41,0.0
47,14,1,2,4591,3,17,80,1,11,4,5,1,2,103,False,False,False,False,False,False,False,False,False,True,False,False,False,False,False,False,False,False,False,False,True,False,False,False,False,False,False,False,True,False,False,True,False,True,False,False,False,False,False,False,False,False,False,False,False,True,False,False,False,False,True,0,0.47,0.5576624206212186
29,3,1,2,5561,1,14,80,1,6,5,6,1,2,104,False,True,False,False,False,False,False,False,False,True,False,False,True,False,False,False,False,False,False,False,True,False,False,False,False,False,False,False,True,False,False,True,False,True,False,False,False,False,False,False,False,False,False,False,False,True,False,False,False,False,False,0,0.4,0.5178616933414465
35,10,1,3,10306,9,17,80,0,15,3,13,6,0,105,False,False,True,False,True,False,False,True,False,True,False,False,False,False,False,False,False,False,False,False,True,False,False,False,False,False,False,True,False,False,False,True,False,True,False,False,False,False,False,False,False,False,False,False,False,True,False,False,False,False,False,0,0.48,0.7318141173261049
59,25,1,3,7637,7,11,80,0,28,3,21,7,9,106,True,False,False,False,False,False,False,False,False,False,True,False,False,False,True,False,False,False,True,False,False,False,False,False,False,False,False,False,True,False,False,True,False,True,False,False,False,False,False,False,False,False,False,False,False,True,False,False,False,False,False,0,0.61,0.7281863650345922
41,10,1,2,6230,7,14,80,0,16,3,14,1,10,107,False,False,True,False,False,False,False,False,False,False,True,False,False,False,True,False,False,False,True,False,False,False,False,False,False,False,False,False,True,False,False,True,False,False,False,False,False,False,False,False,False,False,False,False,False,True,False,False,False,False,False,0,0.33,0.6326082405929357
30,7,1,2,4779,7,14,80,2,8,3,3,0,2,108,False,False,True,False,False,False,False,False,False,False,False,False,False,True,False,False,False,False,False,True,False,False,False,False,False,False,False,False,True,False,False,True,False,True,False,False,False,False,False,False,False,False,False,False,False,True,False,False,False,False,False,0,0.32,0.5640129891463539
34,3,1,2,6029,5,12,80,0,6,3,2,2,2,109,False,False,True,True,False,False,True,False,False,False,True,False,True,False,False,False,False,False,True,False,False,False,False,False,False,False,True,False,False,False,False,True,False,True,False,False,False,False,False,False,False,False,False,False,False,True,False,False,False,False,False,0,0.67,0.6740932887812445
43,4,1,3,10231,3,14,80,0,23,3,21,15,17,110,False,False,True,False,True,False,False,True,False,False,True,False,False,False,True,False,False,False,False,True,False,False,False,False,False,False,False,True,False,False,False,True,False,True,False,False,False,False,False,False,False,False,False,False,False,True,False,False,False,False,False,0,0.44,0.5242077148401147
41,10,1,2,6151,1,13,80,0,19,4,19,11,9,111,False,False,False,True,False,False,True,False,False,False,True,False,True,False,False,False,False,False,False,False,True,False,False,False,False,False,True,False,False,False,False,True,False,False,False,False,False,False,False,False,False,False,False,False,False,True,False,False,False,False,False,0,0.72,0.5518718698541224
37,9,1,3,8834,1,13,80,1,9,6,9,7,7,112,True,False,False,False,False,False,False,False,False,False,False,False,False,False,True,False,False,False,False,False,True,False,False,False,False,False,False,False,True,False,False,True,False,False,False,False,False,False,False,False,False,False,False,False,False,True,False,False,False,False,False,0,0.46,0.5397077281470035
34,9,1,2,5714,1,20,80,0,6,3,6,1,3,113,False,True,False,False,False,False,False,False,False,True,False,True,True,False,False,False,False,False,True,False,False,False,False,False,False,False,False,False,False,False,False,True,False,True,False,False,False,False,False,False,False,False,False,False,False,True,False,False,False,False,False,0,0.38,0.7772566834681472
41,23,1,3,7082,3,16,80,0,21,2,2,0,2,114,False,False,True,False,False,False,False,False,False,False,True,False,False,False,True,False,False,False,True,False,False,False,False,False,False,False,False,False,True,False,False,True,False,True,False,False,False,False,False,False,False,False,False,False,False,True,False,False,False,False,True,0,0.61,0.671601478264928
41,3,1,2,8938,2,11,80,1,14,5,5,0,4,115,False,False,False,False,True,False,False,True,False,False,False,False,False,False,False,False,False,False,True,False,False,False,False,False,False,False,False,True,False,False,False,True,False,True,False,False,False,False,False,False,False,False,False,False,False,True,False,False,False,False,False,0,0.26,0.7341262263695455
45,9,1,3,10761,4,12,80,1,18,2,5,0,2,116,False,False,True,False,False,False,False,False,False,False,False,False,False,False,False,False,False,False,False,True,False,False,False,False,False,False,False,False,True,False,False,True,False,True,False,False,False,False,False,False,False,False,False,False,False,True,False,False,False,False,True,0,0.33,0.5348687826693344
36,11,1,2,6652,4,13,80,1,8,2,6,0,0,117,False,True,False,False,True,False,False,True,False,True,False,False,True,False,False,False,False,False,False,True,False,False,False,False,False,False,False,True,False,False,False,True,False,True,False,False,False,False,False,False,False,False,False,False,False,True,False,False,False,False,False,0,0.36,0.626209649944524
37,1,1,3,10609,5,11,80,0,17,2,14,11,7,118,True,False,False,False,True,False,False,True,False,True,False,False,False,False,False,False,False,False,True,False,False,False,False,False,False,False,False,True,False,False,False,True,False,True,False,False,False,False,False,False,False,False,False,False,False,True,False,False,False,False,False,0,0.45,0.8160941405173608
37,19,1,3,7642,1,13,80,0,10,2,10,0,9,119,True,False,False,False,False,False,False,False,False,False,True,False,False,False,True,False,False,False,False,False,True,False,False,False,False,False,False,False,True,False,False,True,False,False,False,False,False,False,False,False,False,False,False,False,False,True,False,False,False,False,True,0,0.67,0.5294409044208767
53,8,1,4,11836,5,14,80,1,28,3,2,2,2,120,True,False,False,False,False,False,False,False,False,True,False,False,False,False,False,False,False,False,False,True,False,False,False,False,False,False,False,False,True,False,False,True,False,True,False,False,False,False,False,False,False,False,False,False,False,True,False,False,False,False,False,0,0.42,0.563359659850509
50,12,1,3,9208,4,11,80,0,16,3,2,2,1,121,False,False,False,False,False,False,False,False,False,False,True,False,False,False,True,False,False,False,False,True,False,False,False,False,False,False,False,False,True,False,False,True,True,False,False,False,False,False,False,False,False,False,False,False,False,True,False,False,False,False,False,0,0.62,0.6080621599125114
46,5,1,2,5772,4,21,80,0,14,4,9,0,8,122,True,False,False,False,False,False,False,False,False,False,True,True,False,False,False,False,False,False,False,True,False,False,False,False,False,False,False,False,True,False,False,True,True,False,False,False,False,False,False,False,False,False,False,False,False,True,False,False,False,False,True,0,0.67,0.5949404717061413
53,2,1,4,14852,6,13,80,1,22,3,17,15,2,123,False,False,False,False,False,False,False,False,False,False,False,False,False,False,False,False,False,False,False,False,True,False,False,False,False,False,False,False,True,False,False,True,False,True,False,True,False,False,False,False,False,False,False,False,False,False,False,False,False,False,False,0,0.34,0.7101827695821284
25,13,1,1,2096,1,11,80,0,7,1,7,0,6,124,False,True,False,False,False,False,False,False,False,True,False,False,False,False,False,False,False,False,False,False,True,False,False,False,False,False,False,False,True,False,False,True,False,True,False,False,False,False,False,False,False,False,False,False,False,False,True,False,False,False,False,0,0.65,0.7666260740887354
20,9,1,1,2728,1,11,80,0,2,3,2,0,2,125,False,False,True,False,False,False,False,False,False,False,True,False,True,False,False,False,False,False,True,False,False,False,False,False,False,False,False,False,True,False,False,True,False,True,False,False,False,False,False,False,False,False,False,False,False,False,True,False,False,False,False,0,0.83,0.8756233399751749
32,2,1,1,2827,1,12,80,3,1,3,1,0,0,126,False,False,False,False,False,False,False,False,False,False,False,False,False,False,False,False,False,False,True,False,False,False,False,False,False,False,False,False,True,False,False,True,False,False,False,False,False,False,False,False,False,False,False,False,False,False,True,False,False,False,False,0,0.54,0.86621582708798
31,2,1,1,3067,0,19,80,1,3,1,2,1,2,127,True,False,False,False,False,False,False,False,False,True,False,False,False,False,False,False,False,False,True,False,False,False,False,False,False,False,False,False,True,False,False,True,False,True,False,False,False,False,False,False,False,False,False,False,False,False,True,False,False,False,False,0,0.69,0.9294885905315637
29,10,1,1,2642,1,11,80,0,1,6,1,0,0,128,False,False,False,False,False,False,False,False,False,False,True,False,False,False,False,False,False,False,True,False,False,False,False,False,False,False,False,False,False,False,False,True,False,True,False,False,False,False,False,False,False,False,False,False,False,False,True,False,False,False,False,0,0.83,0.9846115854404321
21,5,1,1,2380,1,11,80,0,2,6,2,1,2,129,False,False,False,False,False,False,False,False,False,False,True,False,False,False,True,False,False,False,False,False,True,False,False,False,False,False,False,False,True,False,False,True,False,True,False,False,False,False,False,False,False,False,False,False,False,False,True,False,False,False,True,0,0.84,0.7244655558171824
33,8,1,1,2342,0,19,80,0,3,2,2,2,2,130,False,True,False,False,True,False,False,True,False,False,True,False,False,False,True,False,False,False,True,False,False,False,False,False,False,False,False,True,False,False,False,True,False,False,False,False,False,False,False,False,False,False,False,False,False,False,True,False,False,False,False,0,0.82,0.9441639592356946
29,20,1,1,2157,1,15,80,1,3,5,3,0,2,131,False,False,False,False,False,False,False,False,False,True,False,False,False,True,False,False,False,False,False,False,False,False,False,False,False,True,False,False,True,False,False,True,True,False,False,False,False,False,False,False,False,False,False,False,False,False,True,False,False,False,False,0,0.71,0.5032680628009971
27,11,1,1,2534,8,14,80,1,5,4,1,0,0,132,False,False,False,False,False,True,False,False,True,True,False,False,False,True,False,False,False,False,False,False,True,False,False,False,False,False,False,False,False,False,False,True,False,True,False,False,False,False,False,False,False,False,False,False,False,False,True,False,False,False,False,0,0.58,0.8750498180147986
45,2,1,2,6632,0,13,80,0,9,3,8,3,1,133,False,True,False,True,False,False,True,False,False,False,True,False,True,False,False,False,False,False,False,False,False,False,False,False,False,True,True,False,False,False,False,True,False,True,False,False,False,False,False,False,False,False,False,False,False,False,True,False,False,False,False,0,0.56,0.4115037139190675
24,24,1,1,2400,0,13,80,2,3,3,2,2,1,134,False,False,True,False,False,False,False,False,False,True,False,False,False,False,False,False,False,False,False,False,True,False,False,False,False,False,False,False,False,False,False,True,True,False,False,False,False,False,False,False,False,False,False,False,False,False,True,False,False,False,False,0,0.75,0.8968889053826232
37,4,1,1,2793,4,17,80,1,13,2,9,5,8,135,True,False,False,False,False,False,False,False,False,False,False,False,False,False,False,False,False,False,False,True,False,False,False,False,False,False,False,False,True,False,False,True,True,False,False,False,False,False,False,False,False,False,False,False,False,False,True,False,False,False,False,0,0.48,0.846011479004245
36,2,1,1,2644,3,21,80,0,7,3,3,1,2,136,False,False,False,False,False,False,False,False,False,False,True,True,False,False,True,False,False,False,True,False,False,False,False,False,False,False,False,False,True,False,False,True,False,True,False,False,False,False,False,False,False,False,False,False,False,False,True,False,False,False,True,0,0.75,0.8939829461114357
47,4,1,2,2976,3,19,80,0,5,3,0,0,0,137,False,True,False,False,False,False,False,False,False,False,True,False,True,False,False,False,False,False,False,False,True,False,False,False,False,False,False,False,True,False,False,True,True,False,False,False,False,False,False,False,False,False,False,False,False,False,True,False,False,False,False,0,0.75,0.8037013893659897
34,2,1,1,2231,6,18,80,1,6,3,4,1,2,138,False,False,False,False,False,False,False,False,False,True,False,False,False,False,True,False,False,False,False,True,False,False,False,False,False,False,False,False,True,False,False,True,True,False,False,False,False,False,False,False,False,False,False,False,False,False,True,False,False,False,False,0,0.7,0.7941753784571575
31,5,1,1,2789,1,11,80,1,2,5,2,2,2,139,False,False,True,False,False,False,False,False,False,False,False,False,False,False,False,False,False,False,False,True,False,False,False,False,False,False,False,False,True,False,False,True,True,False,False,False,False,False,False,False,False,False,False,False,False,False,True,False,False,False,False,0,0.69,0.7569018099695571
38,2,1,2,5405,2,20,80,2,20,4,4,0,3,140,False,True,False,True,False,False,True,False,False,True,False,True,True,False,False,False,False,False,False,True,False,False,False,False,False,False,True,False,False,False,False,True,False,True,False,False,False,False,False,False,False,False,False,False,False,False,True,False,False,False,True,0,0.52,0.6338119469870009
32,1,1,1,2269,0,14,80,1,3,2,2,2,2,141,False,True,False,False,True,False,False,True,False,True,False,False,False,True,False,False,False,False,False,False,True,False,False,False,False,False,False,True,False,False,False,True,False,True,False,False,False,False,False,False,False,False,False,False,False,False,True,False,False,False,False,0,0.66,0.8037659112752636
52,29,1,1,3482,2,15,80,2,16,3,9,0,0,142,True,False,False,False,False,False,False,False,False,False,False,False,False,True,False,False,False,False,True,False,False,False,False,False,False,False,False,False,True,False,False,True,False,False,False,False,False,False,False,False,False,False,False,False,False,False,True,False,False,False,False,0,0.49,0.9664781782152745
21,22,1,1,3447,1,11,80,0,3,2,3,1,2,143,False,False,False,False,False,False,False,False,False,False,True,False,False,False,False,False,False,False,False,False,False,False,False,False,False,True,False,False,True,False,False,True,False,True,False,False,False,False,False,False,False,False,False,False,False,False,True,False,False,False,False,0,0.78,0.53377770714019
21,9,1,1,2610,1,24,80,0,3,3,3,2,2,144,True,False,False,False,False,False,False,False,False,False,True,True,False,False,False,False,False,False,False,False,True,False,False,False,False,False,False,False,True,False,False,True,False,False,False,False,False,False,False,False,False,False,False,False,False,False,True,False,False,False,False,0,0.8,0.8749128740492598
50,8,1,1,3875,7,15,80,1,4,2,2,2,2,145,False,False,True,False,False,False,False,False,False,True,False,False,False,False,True,False,False,False,False,True,False,False,False,False,False,False,False,False,False,False,False,True,False,True,False,False,False,False,False,False,False,False,False,False,False,False,True,False,False,False,False,0,0.66,0.8081038563586063
31,7,1,1,2329,3,15,80,0,13,2,7,5,2,146,False,True,False,False,True,False,False,True,False,True,False,False,False,True,False,False,False,False,True,False,False,False,False,False,False,False,False,True,False,False,False,True,False,True,False,False,False,False,False,False,False,False,False,False,False,False,True,False,False,False,False,0,0.59,0.993056734914256
24,13,1,1,2033,1,13,80,1,1,2,1,0,0,147,False,False,True,False,False,False,False,False,False,True,False,False,False,False,False,False,False,False,True,False,False,False,False,False,False,False,False,False,True,False,False,True,False,False,False,False,False,False,False,False,False,False,False,False,False,False,True,False,False,False,False,0,0.81,0.8766638842022125
20,21,1,1,2678,1,17,80,0,2,2,2,2,2,148,False,False,False,False,False,True,False,False,True,False,True,False,False,False,True,False,False,False,False,True,False,False,False,False,False,False,False,False,False,False,False,True,False,True,False,False,False,False,False,False,False,False,False,False,False,False,True,False,False,False,False,0,0.86,0.857148438290311
35,2,1,1,2014,1,13,80,0,2,3,2,2,2,149,False,False,True,False,False,False,False,False,False,True,False,False,True,False,False,False,False,False,False,True,False,False,False,False,False,False,False,False,True,False,False,True,False,True,False,False,False,False,False,False,False,False,False,False,False,False,True,False,False,False,False,0,0.75,0.6914308408772295
38,1,1,1,2858,4,14,80,0,20,3,1,0,0,150,True,False,False,False,True,False,False,True,False,False,True,False,True,False,False,False,False,False,True,False,False,False,False,False,False,False,False,True,False,False,False,True,False,True,False,False,False,False,False,False,False,False,False,False,False,False,True,False,False,False,False,0,0.69,1.0
34,10,1,1,2220,1,19,80,1,1,2,1,0,0,151,False,False,False,False,False,False,False,False,False,True,False,False,False,False,True,False,False,False,True,False,False,False,False,False,False,False,False,False,True,False,False,True,False,True,False,False,False,False,False,False,False,False,False,False,False,False,True,False,False,False,True,0,0.82,0.8705676936277716
35,7,1,1,2404,1,13,80,1,1,3,1,0,0,152,False,False,True,False,False,False,False,False,False,True,False,False,True,False,False,False,False,False,True,False,False,False,False,False,False,False,False,False,True,False,False,True,False,True,False,False,False,False,False,False,False,False,False,False,False,False,True,False,False,False,False,0,0.72,0.833723482504224
32,4,1,1,3931,2,11,80,1,6,5,4,1,2,153,False,False,False,False,False,False,False,False,False,True,False,False,True,False,False,False,False,False,True,False,False,False,False,False,False,False,False,False,True,False,False,True,False,True,False,False,False,False,False,False,False,False,False,False,False,False,True,False,False,False,False,0,0.53,0.8452496138024812
31,5,1,2,9936,0,19,80,0,10,2,9,1,7,154,False,True,False,False,False,False,False,False,False,False,True,False,False,True,False,True,False,False,False,False,False,False,False,False,False,False,False,False,True,False,False,False,False,False,False,False,False,False,False,False,False,False,False,False,False,False,False,False,False,False,False,0,0.33,0.6650131492980934
39,9,1,2,5151,1,25,80,1,10,3,10,7,9,155,True,False,False,False,False,False,False,False,False,True,False,True,False,False,True,True,False,False,False,False,False,False,False,False,False,False,False,False,True,False,False,False,False,True,False,False,False,False,False,False,False,False,False,False,False,False,False,False,False,False,False,0,0.13,0.660985059409899
37,1,1,2,5993,1,18,80,1,7,2,7,0,7,156,True,False,False,False,True,False,False,True,False,False,False,False,False,False,False,False,False,True,False,False,False,False,False,False,False,False,False,False,False,False,False,False,False,True,False,False,False,False,False,False,False,False,False,False,False,False,False,False,False,False,False,0,0.16,0.7307089306569239
38,2,1,2,5980,6,12,80,0,17,2,15,4,12,157,True,False,False,False,False,True,False,False,True,False,True,False,False,False,True,False,False,True,False,False,False,False,False,False,False,False,False,False,False,False,False,False,True,False,False,False,False,False,False,False,False,False,False,False,False,False,False,False,False,False,True,0,0.66,0.6942985097584541
28,1,1,1,3591,1,25,80,1,3,3,3,1,2,158,False,False,False,False,False,False,False,False,False,True,False,True,False,False,False,True,False,False,False,False,False,False,False,False,False,False,False,False,True,False,False,False,False,True,False,False,False,False,False,True,False,False,False,False,False,False,False,False,False,False,False,0,0.32,0.577077521309208
43,7,1,1,2089,4,14,80,3,7,3,5,2,2,159,False,False,True,False,False,True,False,False,True,False,False,False,False,False,True,True,False,False,False,False,False,False,False,False,False,False,False,False,False,False,False,False,False,False,False,False,False,False,False,True,False,False,False,False,False,False,False,False,False,False,False,0,0.39,0.5169532673276535
32,2,1,2,4998,4,14,80,0,10,2,8,0,7,160,False,False,True,False,False,False,False,False,False,False,True,False,False,False,True,False,False,True,False,False,False,False,False,False,False,False,False,False,True,False,False,False,True,False,False,False,False,False,False,True,False,False,False,False,False,False,False,False,False,False,True,0,0.45,0.48146096807426364
32,16,1,1,3919,1,22,80,0,10,5,10,6,7,161,False,True,False,True,False,False,False,False,False,False,True,True,False,True,False,False,False,True,False,False,False,False,False,False,False,False,False,False,True,False,False,False,True,False,False,False,False,False,False,True,False,False,False,False,False,False,False,False,False,False,True,0,0.65,0.5832971131190212
26,6,1,1,2368,1,19,80,0,5,3,5,4,3,162,False,False,False,False,True,False,False,True,False,True,False,False,False,False,False,False,False,False,False,False,False,True,False,False,False,False,False,False,True,False,False,False,False,True,False,False,False,False,False,True,False,False,False,False,False,False,False,False,False,False,False,0,0.38,0.4385685375085856
33,25,1,1,2313,4,20,80,0,5,0,2,2,2,163,True,False,False,False,True,False,False,True,False,False,True,True,False,True,False,True,False,False,False,False,False,False,False,False,False,False,False,False,True,False,False,False,False,True,False,False,False,False,False,True,False,False,False,False,False,False,False,False,False,False,True,0,0.75,0.6942832756858446
37,9,1,1,2326,1,12,80,3,4,3,4,1,2,164,False,True,False,False,False,False,False,False,False,True,False,False,False,False,False,True,False,False,False,False,False,False,False,False,False,False,False,False,True,False,False,False,True,False,False,False,False,False,False,True,False,False,False,False,False,False,False,False,False,False,True,0,0.67,0.505526267678117
36,5,1,1,3419,9,14,80,1,6,3,1,0,0,165,False,True,False,False,True,False,False,True,False,True,False,False,False,False,True,False,False,True,False,False,False,False,False,False,False,False,False,False,True,False,False,False,False,True,False,False,False,False,False,True,False,False,False,False,False,False,False,False,False,False,True,0,0.7,0.5094522206009889
36,2,1,2,6962,4,22,80,1,15,2,1,0,0,166,False,False,True,False,False,False,False,False,False,True,False,True,False,False,True,False,False,False,False,False,False,True,False,False,False,False,False,False,True,False,False,False,False,True,False,False,False,False,False,True,False,False,False,False,False,False,False,False,False,False,True,0,0.38,0.37024536373864664
41,19,1,2,3072,2,16,80,2,17,2,1,0,0,167,False,False,False,False,False,False,False,False,False,False,False,False,True,False,False,False,False,True,False,False,False,False,False,False,False,False,False,False,True,False,False,False,False,True,False,False,False,False,False,True,False,False,False,False,False,False,False,False,False,False,False,0,0.5,0.5428710643373815
38,6,1,2,5329,7,12,80,3,17,3,13,1,9,168,False,True,False,True,False,False,True,False,False,False,False,False,False,False,True,True,False,False,False,False,False,False,False,False,False,False,False,False,True,False,False,False,False,False,False,False,False,False,False,True,False,False,False,False,False,False,False,False,False,False,True,0,0.42,0.4307594153247381
22,19,1,1,2323,1,24,80,2,2,6,2,2,2,169,False,False,False,False,False,False,False,False,False,True,False,True,True,False,False,True,False,False,False,False,False,False,False,False,False,False,False,False,True,False,False,False,False,True,False,False,False,False,False,True,False,False,False,False,False,False,False,False,False,False,False,0,0.57,0.5530497694975655
40,2,1,1,2001,2,14,80,3,20,2,5,0,2,170,False,False,False,False,False,False,False,False,False,True,False,False,False,True,False,True,False,False,False,False,False,False,False,False,False,False,False,False,True,False,False,False,False,True,False,False,False,False,False,True,False,False,False,False,False,False,False,False,False,False,False,0,0.45,0.49945277732696225
34,2,1,1,4381,1,11,80,0,6,3,6,1,3,171,False,False,False,False,True,False,False,True,False,False,True,False,False,False,False,True,False,False,False,False,False,False,False,False,False,False,False,False,True,False,False,False,False,True,False,False,False,False,False,True,False,False,False,False,False,False,False,False,False,False,False,0,0.32,0.5521647201793222
30,7,1,1,2141,1,12,80,1,6,3,6,1,1,172,False,True,False,False,True,False,False,True,False,True,False,False,False,True,False,True,False,False,False,False,False,False,False,False,False,False,False,False,True,False,False,False,False,True,False,False,False,False,False,True,False,False,False,False,False,False,False,False,False,False,False,0,0.42,0.526225357931699
35,25,1,1,2022,1,19,80,1,10,3,10,7,8,173,False,False,True,False,False,False,False,False,False,False,False,False,True,False,False,False,False,True,False,False,False,False,False,False,False,False,False,False,True,False,False,False,True,False,False,False,False,False,False,True,False,False,False,False,False,False,False,False,False,False,True,0,0.41,0.5513717546663165
39,19,1,2,3902,8,14,80,3,7,2,2,2,2,174,False,False,True,False,False,False,False,False,False,False,False,False,False,True,False,False,False,False,False,False,False,True,False,False,False,False,False,False,True,False,False,False,False,True,False,False,False,False,False,True,False,False,False,False,False,False,False,False,False,False,False,0,0.53,0.4216434892287002
56,8,1,1,4257,4,18,80,1,19,3,2,2,2,175,False,False,False,False,False,False,False,False,False,False,False,False,False,False,False,False,False,True,False,False,False,False,False,False,False,False,False,False,True,False,False,False,False,True,False,False,False,False,False,True,False,False,False,False,False,False,False,False,False,False,True,0,0.63,0.5422687860320099
41,7,1,1,3376,1,13,80,0,10,3,10,0,8,176,False,True,False,False,False,True,False,False,True,True,False,False,False,False,False,False,False,False,False,False,False,False,False,False,False,False,False,False,False,False,False,False,False,True,False,False,False,False,False,True,False,False,False,False,False,False,False,False,False,False,False,0,0.31,0.5385599818688221
42,10,1,1,2936,3,22,80,2,10,1,6,3,3,177,False,False,False,False,False,False,False,False,False,True,False,True,False,True,False,False,False,False,False,False,False,False,False,False,False,False,False,False,True,False,False,False,False,False,False,False,False,False,False,True,False,False,False,False,False,False,False,False,False,False,False,0,0.32,0.597628584787304
18,5,1,1,1051,1,15,80,0,0,2,0,0,0,178,False,True,False,False,False,False,False,False,False,False,True,False,False,False,True,False,False,True,False,False,False,False,False,False,False,False,False,False,True,False,False,False,False,False,False,False,False,False,False,True,False,False,False,False,False,False,False,False,False,False,False,0,0.76,0.5252252839681404
28,1,1,1,1563,1,14,80,1,1,2,1,0,0,179,True,False,False,False,True,False,False,True,False,False,False,False,False,False,True,False,False,True,False,False,False,False,False,False,False,False,False,False,True,False,False,False,False,True,False,False,False,False,False,True,False,False,False,False,False,False,False,False,False,False,False,0,0.54,0.5498616449037949
24,23,1,1,2725,1,11,80,2,6,3,6,1,4,180,False,True,False,False,False,True,False,False,True,True,False,False,False,True,False,True,False,False,False,False,False,False,False,False,False,False,False,False,False,False,False,False,False,True,False,False,False,False,False,True,False,False,False,False,False,False,False,False,False,False,True,0,0.51,0.5475823216856083
44,4,1,5,19190,1,14,80,2,26,4,25,14,13,181,False,False,False,False,False,True,False,False,True,False,False,False,False,False,True,False,False,True,False,False,False,False,False,False,False,False,False,False,False,False,False,False,False,True,True,False,False,False,False,False,False,False,False,False,False,False,False,False,False,False,False,0,0.31,0.5104357431178337
34,10,1,1,2008,1,14,80,2,1,3,1,1,0,182,False,True,False,False,False,False,False,False,False,False,False,False,False,True,False,False,False,True,False,False,False,False,False,False,False,False,False,False,True,False,False,False,False,True,False,False,False,False,False,False,False,False,False,False,False,False,False,False,False,True,False,0,0.63,0.6471714246893169
32,1,1,1,2332,6,20,80,0,5,3,3,0,2,183,False,False,False,False,True,False,False,True,False,True,False,True,False,False,False,False,False,True,False,False,False,False,False,False,False,False,False,False,True,False,False,False,False,False,False,False,False,False,False,False,False,False,False,False,False,False,False,False,False,True,False,0,0.59,0.6787771631592905
32,29,1,1,4025,9,12,80,0,10,2,8,7,7,184,False,False,True,False,False,False,False,False,False,False,True,False,False,True,False,True,False,False,False,False,False,False,False,False,False,False,False,False,False,False,False,False,False,False,False,False,False,False,False,False,False,False,False,False,False,False,False,False,False,True,False,0,0.49,0.8408846170510487
42,3,1,2,5231,2,13,80,1,17,1,5,1,3,185,False,False,False,False,False,True,False,False,True,True,False,False,False,True,False,False,False,True,False,False,False,False,False,False,False,False,False,False,False,False,False,False,False,True,False,False,False,False,False,False,False,False,False,False,False,False,False,False,False,True,True,0,0.26,0.6417761606977207
37,11,1,2,4777,5,15,80,0,15,2,1,0,0,186,True,False,False,True,False,False,True,False,False,True,False,False,True,False,False,True,False,False,False,False,False,False,False,False,False,False,False,False,False,False,False,False,False,True,False,False,False,True,False,False,False,False,False,False,False,False,False,False,False,False,False,0,0.64,0.736864021039088
44,15,1,3,7978,1,11,80,1,10,2,10,0,5,187,True,False,False,False,False,False,False,False,False,True,False,False,False,False,True,True,False,False,False,False,False,False,False,False,False,False,False,False,True,False,False,False,False,True,False,False,False,True,False,False,False,False,False,False,False,False,False,False,False,False,False,0,0.26,0.532859925777741
38,10,1,2,9824,3,19,80,1,18,4,1,0,0,188,False,False,False,False,False,False,False,False,False,True,False,False,False,False,False,True,False,False,False,False,False,False,False,False,False,False,False,False,True,False,False,False,False,True,False,False,False,True,False,False,False,False,False,False,False,False,False,False,False,False,False,0,0.38,0.617193438707358
48,6,1,2,4240,2,13,80,0,19,0,2,2,2,189,True,False,False,False,True,False,False,True,False,False,True,False,False,False,True,False,False,True,False,False,False,False,False,False,False,False,False,False,True,False,False,False,False,True,False,False,False,True,False,False,False,False,False,False,False,False,False,False,False,False,False,0,0.44,0.5827307304412174
33,1,1,2,5488,1,13,80,1,6,2,6,1,2,190,False,False,False,False,False,True,False,False,True,True,False,False,True,False,False,False,False,False,False,False,False,True,False,False,False,False,False,False,False,False,False,False,True,False,False,False,False,True,False,False,False,False,False,False,False,False,False,False,False,False,True,0,0.32,0.4703338467178402
53,24,1,3,7005,3,15,80,0,11,2,4,1,2,191,False,True,False,False,False,True,False,False,True,True,False,False,False,False,False,True,False,False,False,False,False,False,False,False,False,False,False,False,False,False,False,False,False,True,False,False,False,True,False,False,False,False,False,False,False,False,False,False,False,False,False,0,0.47,0.6255849182267198
46,18,1,3,10527,5,11,80,0,28,3,2,1,2,192,True,False,False,False,False,False,False,False,False,True,False,False,False,False,True,True,False,False,False,False,False,False,False,False,False,False,False,False,True,False,False,False,True,False,False,False,False,True,False,False,False,False,False,False,False,False,False,False,False,False,False,0,0.51,0.658531515627782
36,3,1,2,6842,6,20,80,1,13,3,5,0,4,193,False,False,True,False,False,True,False,False,True,False,False,True,True,False,False,False,False,True,False,False,False,False,False,False,False,False,False,False,False,False,False,False,False,True,False,False,False,True,False,False,False,False,False,False,False,False,False,False,False,False,False,0,0.17,0.5938610825035944
33,5,1,3,7119,4,15,80,1,9,2,3,1,2,194,False,False,True,False,True,False,False,True,False,False,False,False,False,False,False,False,False,True,False,False,False,False,False,False,False,False,False,False,False,False,False,False,False,True,False,False,False,True,False,False,False,False,False,False,False,False,False,False,False,False,False,0,0.32,0.6308487953485301
43,1,1,2,5562,4,13,80,1,12,2,5,2,2,195,False,False,True,False,False,False,False,False,False,True,False,False,False,True,False,False,False,True,False,False,False,False,False,False,False,False,False,False,True,False,False,False,True,False,False,False,False,True,False,False,False,False,False,False,False,False,False,False,False,False,False,0,0.24,0.5633165826508413
55,2,1,5,19038,8,12,80,3,34,2,1,0,0,196,False,False,False,False,True,False,False,True,False,True,False,False,False,True,False,True,False,False,False,False,False,False,False,False,False,False,False,False,True,False,False,False,False,True,False,False,False,False,False,False,True,False,False,False,False,False,False,False,False,False,False,0,0.31,0.5339916632856566
54,3,1,4,17779,3,14,80,0,36,2,10,0,9,197,False,False,True,False,False,False,False,False,False,True,False,False,True,False,False,False,False,True,False,False,False,False,False,False,False,False,False,False,True,False,False,False,False,True,False,False,False,False,False,False,True,False,False,False,False,False,False,False,False,False,False,0,0.35,0.4369572979736428
37,7,1,3,13664,4,13,80,0,16,3,5,0,2,198,True,False,False,False,False,False,False,False,False,False,True,False,True,False,False,True,False,False,False,False,False,False,False,False,False,False,False,False,True,False,False,False,False,True,False,False,False,False,False,False,True,False,False,False,False,False,False,False,False,False,False,0,0.44,0.6202752509358204
54,2,1,3,13549,9,12,80,1,16,5,4,0,3,199,True,False,False,False,False,False,False,False,False,True,False,False,True,False,False,False,False,False,False,False,False,False,False,False,False,False,False,False,False,False,False,False,False,True,False,False,False,False,False,False,True,False,False,False,False,False,False,False,False,False,False,0,0.33,0.6592105404960601
46,15,1,5,19081,5,11,80,1,25,2,4,0,3,200,False,False,True,False,False,False,False,False,False,True,False,False,True,False,False,False,False,True,False,False,False,False,False,False,False,False,False,False,False,False,False,False,False,True,False,False,False,False,False,False,True,False,False,False,False,False,False,False,False,False,False,0,0.3,0.573854059082882
